{"Gryffindor": [[-2.060188131955733], [1.441801736868932], [-1.5198780813880002], [1.4937133759224717]], "Slytherin": [[-2.110452181017349], [-1.522508449282561], [-1.4297401503708096], [-1.4083987176461792]], "Ravenclaw": [[-1.5977184135264455], [-1.6625185461477572], [1.449334691058585], [1.6023386144689264]], "Hufflepuff": [[-1.169585627177376], [1.720830345495159], [1.5381931688123098], [-1.777007544607874]]}